<?xml version="1.0" encoding="UTF-8"?>
<metadata xml:lang="zh"><Esri><CreaDate>20230328</CreaDate><CreaTime>15475500</CreaTime><ArcGISFormat>1.0</ArcGISFormat><SyncOnce>TRUE</SyncOnce><DataProperties><lineage><Process ToolSource="d:\soft\arcgis\desktop10.6\ArcToolbox\Toolboxes\Data Management Tools.tbx\CalculateField" Date="20220828" Time="190505">CalculateField 2022年市矢量 year 2022 VB #</Process><Process ToolSource="d:\soft\arcgis\desktop10.6\ArcToolbox\Toolboxes\Data Management Tools.tbx\CalculateField" Date="20220828" Time="190636">CalculateField 2022年市矢量 NAME_1 "Shaanxi" VB #</Process><Process ToolSource="e:\program files (x86)\arcgis\desktop10.8\ArcToolbox\Toolboxes\Data Management Tools.tbx\CalculateField" Date="20221220" Time="233027">CalculateField 2022年\2022市矢量 ENG_NAME [NAME_2] VB #</Process><Process ToolSource="e:\program files (x86)\arcgis\desktop10.8\ArcToolbox\Toolboxes\Data Management Tools.tbx\CalculateField" Date="20221220" Time="233035">CalculateField 2022年\2022市矢量 VAR_NAME [VAR_NAME2] VB #</Process><Process ToolSource="e:\program files (x86)\arcgis\desktop10.8\ArcToolbox\Toolboxes\Data Management Tools.tbx\CalculateField" Date="20230102" Time="184023">CalculateField 2023年\2023年初市矢量 year 2023 VB #</Process></lineage></DataProperties></Esri></metadata>
